Date,Open,High,Low,Close,Volume
2021-10-01,43816.7,48436.0,43320.0,48116.9,42850641582.0
2021-10-02,48137.5,48282.1,47465.5,47711.5,30614346492.0
2021-10-03,47680.0,49130.7,47157.3,48200.0,26638115879.0
2021-10-04,48208.9,49456.8,47045.0,49112.9,33383173002.0
2021-10-05,49175.0,51840.0,49072.8,51514.8,35873904236.0
2021-10-06,51486.7,55568.5,50488.2,55361.4,49034730168.0
2021-10-07,55338.6,55338.6,53525.5,53806.0,36807860413.0
2021-10-08,53802.1,55923.0,53688.1,53967.8,34800873924.0
2021-10-09,53929.8,55397.9,53735.1,54968.2,32491211414.0
2021-10-10,54952.8,56401.3,54264.3,54771.6,39527792364.0
2021-10-11,54734.1,57793.0,54519.8,57484.8,42637331698.0
2021-10-12,57526.8,57627.9,54478.0,56041.1,41083758949.0
2021-10-13,56038.3,57688.7,54371.0,57401.1,41684252783.0
2021-10-14,57372.8,58478.7,56957.1,57321.5,36615791366.0
2021-10-15,57345.9,62757.1,56868.1,61593.9,51780081801.0
2021-10-16,61609.5,62274.5,60206.1,60892.2,34250964237.0
2021-10-17,60887.7,61645.5,59164.5,61553.6,29032367511.0
2021-10-18,61548.8,62614.7,60012.8,62026.1,38055562075.0
2021-10-19,62043.2,64434.5,61622.9,64262.0,40471196346.0
2021-10-20,64284.6,66930.4,63610.7,65992.8,40788955582.0
2021-10-21,66002.2,66600.5,62117.4,62210.2,45908121370.0
2021-10-22,62237.9,63715.0,60122.8,60692.3,38434082775.0
2021-10-23,60694.6,61743.9,59826.5,61393.6,26882546034.0
2021-10-24,61368.3,61505.8,59643.3,60930.8,27316183882.0
2021-10-25,60893.9,63729.3,60691.8,63039.8,31064911614.0
2021-10-26,63032.8,63229.0,59991.2,60363.8,34878965587.0
2021-10-27,60352.0,61435.2,58208.2,58482.4,43657076893.0
2021-10-28,58470.7,62128.6,58206.9,60622.1,45257083247.0
2021-10-29,60624.9,62927.6,60330.0,62228.0,36856881767.0
2021-10-30,62239.4,62330.1,60918.4,61888.8,32157938616.0
2021-10-31,61850.5,62406.2,60074.3,61319.0,32241199927.0
2021-11-01,61320.4,62419.0,59695.2,61004.4,36150572843.0
2021-11-02,60963.3,64242.8,60673.1,63226.4,37746665647.0
2021-11-03,63254.3,63516.9,61184.2,62970.0,36124731509.0
2021-11-04,62941.8,63123.3,60799.7,61452.2,32615846901.0
2021-11-05,61460.1,62541.5,60844.6,61125.7,30605102446.0
2021-11-06,61068.9,61590.7,60163.8,61527.5,29094934221.0
2021-11-07,61554.9,63327.0,61432.5,63327.0,24726754302.0
2021-11-08,63344.1,67673.7,63344.1,67566.8,41125608330.0
2021-11-09,67549.7,68530.3,66382.1,66971.8,42357991721.0
2021-11-10,66953.3,68789.6,63208.1,64995.2,48730828378.0
2021-11-11,64978.9,65579.0,64180.5,64950.0,35880633236.0
2021-11-12,64864.0,65460.8,62333.9,64155.9,36084893887.0
2021-11-13,64158.1,64915.7,63303.7,64469.5,30474228777.0
2021-11-14,64455.4,65495.2,63647.8,65466.8,25122092191.0
2021-11-15,65521.3,66281.6,63548.1,63557.9,30558763548.0
2021-11-16,63721.2,63721.2,59016.3,60161.2,46844335592.0
2021-11-17,60139.6,60823.6,58515.4,60368.0,39178392930.0
2021-11-18,60360.1,60948.5,56550.8,56942.1,41388338699.0
2021-11-19,56896.1,58351.1,55705.2,58119.6,38702407772.0
2021-11-20,58115.1,59859.9,57469.7,59697.2,30624264863.0
2021-11-21,59730.5,60004.4,58618.9,58730.5,26123447605.0
2021-11-22,58706.8,59266.4,55679.8,56289.3,35036121783.0
2021-11-23,56304.6,57875.5,55632.8,57569.1,37485803899.0
2021-11-24,57565.9,57803.1,55964.2,56280.4,36635566789.0
2021-11-25,57165.4,59368.0,57146.7,57274.7,34284016248.0
2021-11-26,58960.3,59183.5,53569.8,53569.8,41810748221.0
2021-11-27,53736.4,55329.3,53668.4,54815.1,30560857714.0
2021-11-28,54813.0,57393.8,53576.7,57248.5,28116886357.0
2021-11-29,57291.9,58872.9,56792.5,57806.6,32370840356.0
2021-11-30,57830.1,59113.4,56057.3,57005.4,36708594618.0
2021-12-01,56908.0,59041.7,56553.1,57229.8,36858195307.0
2021-12-02,57217.4,57349.2,55895.1,56477.8,32379968686.0
2021-12-03,56509.2,57482.2,52496.6,53598.2,39789134215.0
2021-12-04,53727.9,53904.7,42874.6,49200.7,61385677469.0
2021-12-05,49201.5,49768.1,47857.5,49368.8,37198201161.0
2021-12-06,49413.5,50929.5,47281.0,50582.6,37707308001.0
2021-12-07,50581.8,51934.8,50175.8,50700.1,33676814852.0
2021-12-08,50667.6,51171.4,48766.0,50504.8,28479699446.0
2021-12-09,50450.1,50797.2,47358.4,47672.1,29603577251.0
2021-12-10,47642.1,50015.3,47023.7,47243.3,30966005122.0
2021-12-11,47264.6,49458.2,46942.3,49362.5,25775869261.0
2021-12-12,49354.9,50724.9,48725.9,50098.3,21939223599.0
2021-12-13,50114.7,50205.0,45894.8,46737.5,32166727776.0
2021-12-14,46709.8,48431.4,46424.5,46612.6,34638619079.0
2021-12-15,48379.8,49474.0,46672.0,48896.7,36541828520.0
2021-12-16,48900.5,49425.6,47529.9,47665.4,27268150947.0
2021-12-17,47653.7,48004.9,45618.2,46202.1,32902725329.0
2021-12-18,46219.3,47313.8,45598.4,46848.8,26098292690.0
2021-12-19,46853.9,48089.7,46503.0,46707.0,25154053861.0
2021-12-20,46707.1,47401.7,45579.8,46880.3,30961902129.0
2021-12-21,46886.1,49300.9,46698.8,48936.6,27055803928.0
2021-12-22,48937.1,49544.8,48450.9,48628.5,24447979559.0
2021-12-23,48626.3,51332.3,48065.8,50784.5,28223878108.0
2021-12-24,50806.1,51814.0,50514.5,50822.2,24367912228.0
2021-12-25,50854.9,51176.6,50236.7,50429.9,19030650914.0
2021-12-26,50428.7,51196.4,49623.1,50809.5,20964372926.0
2021-12-27,50802.6,51956.3,50499.5,50640.4,24324345758.0
2021-12-28,50679.9,50679.9,47414.2,47588.9,33430376883.0
2021-12-29,47623.9,48119.7,46201.5,46444.7,30049226299.0
2021-12-30,46490.6,47880.0,46060.3,47178.1,26686491018.0
2021-12-31,47169.4,48472.5,45820.0,46306.4,36974172400.0
2022-01-01,46311.7,47827.3,46288.5,47686.8,24582667004.0
2022-01-02,47680.9,47881.4,46856.9,47345.2,27951569547.0
2022-01-03,47343.5,47510.7,45836.0,46458.1,33071628362.0
2022-01-04,46458.9,47406.5,45752.5,45897.6,42494677905.0
2022-01-05,45899.4,46929.0,42798.2,43569.0,36851084859.0
2022-01-06,43565.5,43748.7,42645.5,43160.9,30208048289.0
2022-01-07,43153.6,43153.6,41077.4,41557.9,84196607520.0
2022-01-08,41561.5,42228.9,40672.3,41733.9,28066355845.0
2022-01-09,41734.7,42663.9,41338.2,41911.6,21294384372.0
2022-01-10,41910.2,42199.5,39796.6,41821.3,32104232331.0
2022-01-11,41819.5,43001.2,41407.8,42735.9,26327648900.0
2022-01-12,42742.2,44135.4,42529.0,43949.1,33499938689.0
2022-01-13,43946.7,44278.4,42447.0,42591.6,47691135082.0
2022-01-14,42598.9,43346.7,41982.6,43099.7,23577403399.0
2022-01-15,43101.9,43724.7,42669.0,43177.4,18371348298.0
2022-01-16,43172.0,43436.8,42691.0,43113.9,17902097845.0
2022-01-17,43118.1,43179.4,41680.3,42250.6,21690904261.0
2022-01-18,42250.1,42534.4,41392.2,42375.6,22417209227.0
2022-01-19,42374.0,42478.3,41242.9,41744.3,23091543258.0
2022-01-20,41744.0,43413.0,40672.8,40680.4,20382033940.0
2022-01-21,40699.6,41060.5,35791.4,36457.3,43011992031.0
2022-01-22,36471.6,36688.8,34349.2,35030.2,39714385405.0
2022-01-23,35047.4,36433.3,34785.0,36276.8,26017975951.0
2022-01-24,36275.7,37247.5,33184.1,36654.3,41856658597.0
2022-01-25,36654.8,37444.6,35779.4,36954.0,26428189594.0
2022-01-26,36950.5,38825.4,36374.9,36852.1,31324598034.0
2022-01-27,36841.9,37148.3,35629.3,37138.2,25041426629.0
2022-01-28,37128.4,37952.9,36211.1,37784.3,22238830523.0
2022-01-29,37780.7,38576.3,37406.5,38138.2,17194183075.0
2022-01-30,38151.9,38266.3,37437.7,37917.6,14643548444.0
2022-01-31,37920.3,38647.3,36733.6,38483.1,20734730465.0
2022-02-01,38481.8,39115.1,38113.7,38743.3,20288500328.0
2022-02-02,38743.7,38834.6,36832.7,36953.0,19155189416.0
2022-02-03,36944.8,37154.6,36375.5,37154.6,18591534769.0
2022-02-04,37149.3,41527.8,37093.6,41500.9,29412210792.0
2022-02-05,41501.5,41847.2,41038.1,41441.2,19652846215.0
2022-02-06,41441.1,42500.8,41244.9,42412.4,16142097334.0
2022-02-07,42406.8,44401.9,41748.2,43840.3,28641855926.0
2022-02-08,43854.7,45293.9,42807.8,44118.4,33079398868.0
2022-02-09,44096.7,44727.8,43233.0,44338.8,23245887300.0
2022-02-10,44347.8,45661.2,43402.8,43565.1,32142048537.0
2022-02-11,43571.1,43810.8,42114.5,42407.9,26954925781.0
2022-02-12,42412.3,42992.6,41852.6,42244.5,18152390304.0
2022-02-13,42236.6,42693.1,41950.9,42197.5,14741589015.0
2022-02-14,42157.4,42775.8,41682.0,42586.9,20827783012.0
2022-02-15,42586.5,44667.2,42491.0,44575.2,22721659051.0
2022-02-16,44578.3,44578.3,43456.7,43961.9,19792547657.0
2022-02-17,43937.1,44133.0,40249.4,40538.0,26246662813.0
2022-02-18,40552.1,40929.2,39637.6,40031.0,23310007704.0
2022-02-19,40026.0,40418.9,39713.1,40122.2,13736557863.0
2022-02-20,40118.1,40119.9,38112.8,38431.4,18340576452.0
2022-02-21,38423.2,39394.4,36950.5,37075.3,29280402798.0
2022-02-22,37068.8,38359.9,36488.9,38286.0,25493150450.0
2022-02-23,38285.3,39122.4,37201.8,37296.6,21849073843.0
2022-02-24,37278.6,38968.8,34459.2,38332.6,46383802093.0
2022-02-25,38333.7,39630.3,38111.3,39214.2,26545599159.0
2022-02-26,39213.1,40005.3,38702.5,39105.1,17467554129.0
2022-02-27,39098.7,39778.9,37269.0,37709.8,23450127612.0
2022-02-28,37706.0,43760.5,37518.2,43193.2,35690014104.0
2022-03-01,43194.5,44793.6,42952.6,44354.6,32479047645.0
2022-03-02,44357.6,45077.6,43432.9,43924.1,29183112630.0
2022-03-03,43925.2,44021.6,41914.8,42451.8,24967782593.0
2022-03-04,42458.1,42479.6,38805.8,39137.6,28516271427.0
2022-03-05,39148.4,39566.3,38777.0,39400.6,16975917450.0
2022-03-06,39404.2,39640.2,38211.6,38420.0,19745229902.0
2022-03-07,38429.3,39430.2,37260.2,38062.0,28546143503.0
2022-03-08,38059.9,39304.4,37957.4,38737.3,25776583476.0
2022-03-09,38742.8,42465.7,38706.1,41982.9,32284121034.0
2022-03-10,41974.1,42004.7,38832.9,39437.5,31078064711.0
2022-03-11,39440.0,40081.7,38347.4,38795.0,26364890465.0
2022-03-12,38794.5,39308.6,38772.5,38904.0,14616450657.0
2022-03-13,38884.7,39209.4,37728.1,37849.7,17300745310.0
2022-03-14,37846.3,39742.5,37680.7,39666.8,24322159070.0
2022-03-15,39664.2,39794.6,38310.2,39338.8,23934000868.0
2022-03-16,39335.6,41465.5,39022.3,41143.9,39616916192.0
2022-03-17,41140.8,41287.5,40662.9,40951.4,22009601093.0
2022-03-18,40944.8,42195.7,40302.4,41801.2,34421564942.0
2022-03-19,41794.6,42316.6,41602.7,42190.7,19664853187.0
2022-03-20,42191.4,42241.2,41004.8,41247.8,20127946682.0
2022-03-21,41246.1,41454.4,40668.0,41078.0,24615543271.0
2022-03-22,41074.1,43124.7,40948.3,42358.8,32004652376.0
2022-03-23,42364.4,42893.5,41877.5,42893.0,25242943069.0
2022-03-24,42886.7,44131.9,42726.2,43960.9,31042992291.0
2022-03-25,43964.5,44999.5,43706.3,44348.7,30574413034.0
2022-03-26,44349.9,44736.0,44166.3,44500.8,16950455995.0
2022-03-27,44505.4,46827.5,44437.3,46820.5,28160889722.0
2022-03-28,46821.9,48086.8,46690.2,47128.0,36362175703.0
2022-03-29,47100.4,48022.3,47100.4,47465.7,31397059069.0
2022-03-30,47456.9,47655.1,46746.2,47062.7,29333883962.0
2022-03-31,47062.1,47512.0,45390.5,45538.7,33327427106.0
2022-04-01,45554.2,46616.2,44403.1,46281.6,38162644287.0
2022-04-02,46285.5,47028.3,45782.5,45868.9,29336594194.0
2022-04-03,45859.1,47313.5,45634.1,46453.6,25414397610.0
2022-04-04,46445.3,46791.1,45235.8,46622.7,32499785455.0
2022-04-05,46624.5,47106.1,45544.8,45556.0,29640604055.0
2022-04-06,45544.4,45544.4,43194.0,43206.7,39393395788.0
2022-04-07,43207.5,43860.7,42899.9,43503.8,26101973106.0
2022-04-08,43505.1,43903.0,42183.3,42287.7,27215995394.0
2022-04-09,42282.1,42786.8,42183.3,42782.1,16050772496.0
2022-04-10,42781.1,43376.4,42021.2,42207.7,17654475582.0
2022-04-11,42201.0,42424.6,39373.1,39521.9,33949912166.0
2022-04-12,39533.7,40617.6,39388.3,40127.2,30991500854.0
2022-04-13,40123.6,41430.1,39712.7,41166.7,27691105228.0
2022-04-14,41160.2,41451.5,39695.7,39935.5,24342001973.0
2022-04-15,39939.4,40617.7,39866.8,40553.5,21756855753.0
2022-04-16,40552.3,40633.7,40078.4,40424.5,16833150693.0
2022-04-17,40417.8,40570.7,39620.9,39717.0,19087633042.0
2022-04-18,39721.2,40986.3,38696.2,40826.2,33705182072.0
2022-04-19,40828.2,41673.0,40618.6,41502.8,25303206547.0
2022-04-20,41501.7,42126.3,40961.1,41374.4,27819532341.0
2022-04-21,41371.5,42893.6,40063.8,40527.4,35372786395.0
2022-04-22,40525.9,40777.8,39315.4,39740.3,28011716745.0
2022-04-23,39738.7,39935.9,39352.2,39486.7,16138021249.0
2022-04-24,39478.4,39845.9,39233.5,39469.3,17964398167.0
2022-04-25,39472.6,40491.8,38338.4,40458.3,35445730570.0
2022-04-26,40448.4,40713.9,37885.0,38117.5,34569088416.0
2022-04-27,38120.3,39397.9,37997.3,39241.1,30981015184.0
2022-04-28,39241.4,40269.5,38941.4,39773.8,33903704907.0
2022-04-29,39768.6,39887.3,38235.5,38609.8,30882994649.0
2022-04-30,38605.9,38771.2,37697.9,37714.9,23895713731.0
2022-05-01,37713.3,38627.9,37585.8,38469.1,27002760110.0
2022-05-02,38472.2,39075.0,38156.6,38529.3,32922642426.0
2022-05-03,38528.1,38630.0,37585.6,37750.5,27326943244.0
2022-05-04,37748.0,39902.9,37732.1,39698.4,36754404490.0
2022-05-05,39695.7,39789.3,35856.5,36575.1,43106256317.0
2022-05-06,36573.2,36624.4,35482.1,36040.9,37795577489.0
2022-05-07,36042.5,36129.9,34940.8,35502.0,24375896406.0
2022-05-08,35502.9,35502.9,33879.0,34059.3,36763041910.0
2022-05-09,34060.0,34222.1,30297.0,30297.0,63355494961.0
2022-05-10,30273.7,32596.3,29944.8,31022.9,59811038817.0
2022-05-11,31016.2,32013.4,28170.4,28936.4,70388855818.0
2022-05-12,28936.7,30032.4,26350.5,29047.8,66989173272.0
2022-05-13,29030.9,30924.8,28782.3,29283.1,42841124537.0
2022-05-14,29285.6,30192.8,28702.9,30101.3,28579868620.0
2022-05-15,30098.6,31308.2,29527.7,31305.1,25835372065.0
2022-05-16,31304.4,31305.3,29251.9,29862.9,32613897286.0
2022-05-17,29862.4,30694.5,29570.3,30425.9,29101473475.0
2022-05-18,30424.5,30618.7,28720.3,28720.3,31285268319.0
2022-05-19,28720.4,30430.8,28709.0,30314.3,33773447707.0
2022-05-20,30311.1,30665.0,28793.6,29200.7,30749382605.0
2022-05-21,29199.9,29588.9,29027.4,29432.2,17274840442.0
2022-05-22,29432.5,30425.9,29275.2,30323.7,21631532270.0
2022-05-23,30309.4,30590.6,28975.6,29098.9,31483454557.0
2022-05-24,29101.1,29774.4,28786.6,29655.6,26616506245.0
2022-05-25,29653.1,30157.8,29384.9,29562.4,27525063551.0
2022-05-26,29564.8,29834.2,28261.9,29267.2,36774325352.0
2022-05-27,29251.1,29346.9,28326.6,28627.6,36582005748.0
2022-05-28,28622.6,28814.9,28554.6,28814.9,35519577634.0
2022-05-29,29019.9,29498.0,28841.1,29446.0,18093886409.0
2022-05-30,29443.4,31949.6,29303.6,31726.4,39277993274.0
2022-05-31,31723.9,32249.9,31286.2,31792.3,33538210634.0
2022-06-01,31792.6,31957.3,29501.6,29799.1,41135817341.0
2022-06-02,29794.9,30604.7,29652.7,30467.5,29083562061.0
2022-06-03,30467.8,30633.0,29375.7,29704.4,26175547452.0
2022-06-04,29706.1,29930.6,29500.0,29832.9,16588370958.0
2022-06-05,29835.1,30117.7,29574.4,29906.7,17264085441.0
2022-06-06,29910.3,31693.3,29894.2,31370.7,31947336829.0
2022-06-07,31371.7,31489.7,29311.7,31155.5,40770974039.0
2022-06-08,31151.5,31253.7,29944.4,30214.4,30242059107.0
2022-06-09,30215.3,30609.3,30020.3,30112.0,21692004719.0
2022-06-10,30110.3,30245.8,28978.1,29083.8,29867476527.0
2022-06-11,29084.7,29401.9,28236.2,28360.8,27246574439.0
2022-06-12,28373.5,28502.7,26762.6,26762.6,34163220274.0
2022-06-13,26737.6,26795.6,22141.3,22487.4,68204556440.0
2022-06-14,22488.0,23019.0,20950.8,22206.8,50913575242.0
2022-06-15,22196.7,22642.7,20178.4,22572.8,54912007015.0
2022-06-16,22576.3,22868.9,20265.2,20381.7,31183975654.0
2022-06-17,20385.7,21243.3,20326.5,20471.5,27132421514.0
2022-06-18,20473.4,20736.0,17708.6,19017.6,42009436760.0
2022-06-19,19010.9,20683.8,18067.2,20553.3,35329942625.0
2022-06-20,20553.4,20913.3,19689.2,20599.5,30818458597.0
2022-06-21,20594.3,21620.6,20415.1,20710.6,28970212744.0
2022-06-22,20719.4,20835.8,19848.1,19987.0,28574793478.0
2022-06-23,19986.6,21135.8,19950.1,21085.9,26188097173.0
2022-06-24,21084.6,21472.9,20777.5,21231.7,24957784918.0
2022-06-25,21233.6,21520.9,20964.6,21502.3,18372538715.0
2022-06-26,21496.5,21783.7,21016.3,21027.3,18027170497.0
2022-06-27,21028.2,21478.1,20620.2,20735.5,20965695707.0
2022-06-28,20731.5,21164.4,20228.8,20280.6,21381535161.0
2022-06-29,20281.2,20364.2,19937.8,20104.0,23552740328.0
2022-06-30,20108.3,20141.2,18729.7,19784.7,26267239923.0
2022-07-01,19820.5,20632.7,19073.7,19269.4,30767551159.0
2022-07-02,19274.8,19371.7,19027.1,19242.3,18100418740.0
2022-07-03,19242.1,19558.3,18967.0,19297.1,16390821947.0
2022-07-04,19297.3,20258.7,19063.1,20231.3,21594638208.0
2022-07-05,20225.4,20635.5,19341.2,20190.1,26715546990.0
2022-07-06,20194.6,20595.5,19823.5,20548.2,24598943708.0
2022-07-07,20547.8,21771.8,20296.1,21637.6,25814972520.0
2022-07-08,21637.2,22314.9,21257.5,21731.1,49899834488.0
2022-07-09,21716.8,21877.1,21446.0,21592.2,29641127858.0
2022-07-10,21591.1,21591.1,20727.1,20860.4,28688807249.0
2022-07-11,20856.4,20856.4,19924.5,19970.6,24150249025.0
2022-07-12,19970.5,20043.4,19308.5,19323.9,25810220018.0
2022-07-13,19326.0,20223.1,19000.0,20212.1,33042430345.0
2022-07-14,20211.5,20789.9,19689.3,20569.9,31158743333.0
2022-07-15,20573.2,21138.2,20397.0,20836.3,25905575359.0
2022-07-16,20834.1,21514.4,20518.9,21190.3,24302954056.0
2022-07-17,21195.0,21600.6,20778.2,20779.3,22927802083.0
2022-07-18,20781.9,22633.0,20781.9,22485.7,39974475562.0
2022-07-19,22467.8,23667.0,21683.4,23389.4,48765202697.0
2022-07-20,23393.2,24196.8,23009.9,23231.7,42932549127.0
2022-07-21,23233.2,23388.3,22431.1,23164.6,33631012204.0
2022-07-22,23163.8,23671.9,22603.4,22715.0,31421555646.0
2022-07-23,22707.0,22977.2,22002.9,22465.5,24021799169.0
2022-07-24,22465.5,22974.0,22306.8,22609.2,23565495303.0
2022-07-25,22607.2,22649.1,21361.6,21361.7,35574561406.0
2022-07-26,21361.1,21361.1,20776.8,21239.8,28624673855.0
2022-07-27,21244.2,22986.5,21070.8,22930.5,31758955233.0
2022-07-28,22933.6,24110.5,22722.3,23843.9,40212386158.0
2022-07-29,23845.2,24294.8,23481.2,23804.6,35887249746.0
2022-07-30,23796.8,24572.6,23580.5,23656.2,28148218301.0
2022-07-31,23652.1,24121.6,23275.7,23336.9,23553591896.0
2022-08-01,23336.7,23464.8,22890.8,23314.2,25849159141.0
2022-08-02,23308.4,23415.0,22710.1,22978.1,28389250717.0
2022-08-03,22981.3,23578.7,22747.8,22846.5,26288169966.0
2022-08-04,22848.2,23198.0,22485.7,22631.0,25120229769.0
2022-08-05,22626.8,23422.8,22612.2,23289.3,28881249043.0
2022-08-06,23291.4,23326.6,22961.3,22961.3,15978259885.0
2022-08-07,22963.5,23359.0,22894.6,23175.9,15886817043.0
2022-08-08,23179.5,24203.7,23176.5,23809.5,28575544847.0
2022-08-09,23811.5,23898.6,22982.0,23164.3,23555719219.0
2022-08-10,23162.9,24127.4,22771.5,23947.6,32837431722.0
2022-08-11,23948.3,24822.6,23901.0,23957.5,37127036580.0
2022-08-12,23957.2,24412.6,23657.3,24402.8,27265804688.0
2022-08-13,24402.2,24860.1,24346.1,24424.1,22987346289.0
2022-08-14,24429.1,24974.9,24206.3,24319.3,22994133555.0
2022-08-15,24318.3,25135.6,23839.8,24137.0,35123501685.0
2022-08-16,24126.1,24228.4,23733.5,23883.3,27753685646.0
2022-08-17,23881.3,24407.1,23243.4,23336.0,30931623076.0
2022-08-18,23341.0,23563.8,23177.6,23212.7,23747613147.0
2022-08-19,23213.3,23213.3,20868.8,20877.6,40509610260.0
2022-08-20,20872.8,21350.8,20856.7,21166.1,27595671000.0
2022-08-21,21160.4,21668.8,21103.2,21534.1,23102307723.0
2022-08-22,21531.5,21531.5,20939.2,21398.9,31666498758.0
2022-08-23,21401.0,21646.2,20955.1,21528.1,31878280659.0
2022-08-24,21526.5,21783.1,21195.0,21395.0,31962253368.0
2022-08-25,21395.5,21789.6,21362.4,21600.9,31028679593.0
2022-08-26,21596.1,21804.9,20199.5,20260.0,42326789564.0
2022-08-27,20262.5,20340.8,19890.5,20041.7,30116729776.0
2022-08-28,20041.0,20139.1,19616.8,19616.8,24366810591.0
2022-08-29,19615.2,20357.5,19600.8,20298.0,32637854078.0
2022-08-30,20298.6,20542.6,19617.6,19796.8,34483360283.0
2022-08-31,19799.6,20421.0,19799.6,20049.8,33225232872.0
2022-09-01,20050.5,20198.4,19654.0,20127.1,30182031010.0
2022-09-02,20126.1,20401.6,19814.8,19969.8,29123998928.0
2022-09-03,19969.7,20037.0,19698.4,19832.1,23613051457.0
2022-09-04,19832.5,19999.7,19636.8,19986.7,25245861652.0
2022-09-05,19988.8,20031.2,19673.0,19812.4,28813460025.0
2022-09-06,19817.7,20155.3,18800.2,18837.7,43403978910.0
2022-09-07,18837.7,19427.2,18644.5,19290.3,35239757134.0
2022-09-08,19289.9,19417.4,19076.7,19329.8,32194477850.0
2022-09-09,19328.1,21439.4,19311.0,21381.2,48469528171.0
2022-09-10,21376.9,21760.3,21168.7,21680.5,36913738894.0
2022-09-11,21678.5,21770.6,21406.9,21769.3,34493951963.0
2022-09-12,21770.1,22439.2,21603.9,22370.4,50212088965.0
2022-09-13,22371.5,22673.8,20062.7,20296.7,51091116622.0
2022-09-14,20184.6,20467.2,19793.4,20241.1,37872380889.0
2022-09-15,20242.3,20318.2,19636.7,19701.2,36389011503.0
2022-09-16,19704.0,19870.6,19400.1,19772.6,30123362273.0
2022-09-17,19777.0,20162.5,19777.0,20127.6,24957448100.0
2022-09-18,20127.2,20127.2,19387.5,19419.5,31254779144.0
2022-09-19,19418.6,19639.5,18390.3,19544.1,40177002624.0
2022-09-20,19545.6,19602.5,18813.5,18890.8,36791346508.0
2022-09-21,18891.3,19674.6,18290.3,18547.4,46363793975.0
2022-09-22,18534.7,19456.9,18415.6,19413.6,41135767926.0
2022-09-23,19412.4,19464.7,18617.6,19297.6,38896078052.0
2022-09-24,19297.0,19310.2,18862.0,18937.0,26149643168.0
2022-09-25,18936.3,19134.7,18696.5,18802.1,23359966112.0
2022-09-26,18803.9,19274.9,18721.3,19222.7,44148798321.0
2022-09-27,19221.8,20338.5,18915.7,19110.5,58571439619.0
2022-09-28,19104.6,19688.3,18553.3,19426.7,53071298734.0
2022-09-29,19427.8,19589.3,18924.4,19573.1,41037843771.0
2022-09-30,19573.4,20109.8,19265.7,19431.8,43975248085.0
2022-10-01,19431.1,19471.2,19231.1,19312.1,18719537670.0
2022-10-02,19311.8,19370.3,18970.6,19044.1,20765955327.0
2022-10-03,19044.1,19653.5,19025.2,19623.6,30484729489.0
2022-10-04,19623.6,20380.3,19523.8,20336.8,35887278685.0
2022-10-05,20335.9,20343.7,19801.8,20160.7,33223790572.0
2022-10-06,20161.0,20408.4,19900.1,19955.4,34711412966.0
2022-10-07,19957.6,20041.1,19395.8,19546.8,29227315390.0
2022-10-08,19546.3,19601.7,19299.4,19416.6,16437423167.0
2022-10-09,19417.5,19542.5,19349.3,19446.4,16837262532.0
2022-10-10,19446.4,19515.5,19103.0,19141.5,27425022774.0
2022-10-11,19139.0,19242.0,18925.6,19051.4,28711532910.0
2022-10-12,19052.6,19203.2,19029.8,19157.4,24950173846.0
2022-10-13,19157.0,19453.3,18319.8,19382.9,44219840004.0
2022-10-14,19382.5,19889.1,19115.4,19185.7,38452356727.0
2022-10-15,19185.4,19212.5,19019.2,19067.6,16192235532.0
2022-10-16,19068.9,19389.6,19068.9,19268.1,17988916650.0
2022-10-17,19268.6,19635.8,19173.3,19550.8,27472552998.0
2022-10-18,19550.5,19667.0,19144.8,19334.4,30580012344.0
2022-10-19,19335.0,19348.4,19127.7,19139.5,22425387184.0
2022-10-20,19138.1,19315.2,18971.5,19053.7,24493974420.0
2022-10-21,19053.2,19237.4,18771.0,19172.5,32459287866.0
2022-10-22,19172.4,19248.1,19132.2,19208.2,16104440957.0
2022-10-23,19207.7,19646.7,19124.2,19567.0,22128794335.0
2022-10-24,19567.8,19589.1,19206.3,19345.6,30202235805.0
2022-10-25,19345.0,20348.4,19261.4,20095.9,47761524910.0
2022-10-26,20092.2,20938.1,20076.1,20770.4,58895950537.0
2022-10-27,20772.8,20854.0,20255.4,20285.8,49625110402.0
2022-10-28,20288.0,20725.0,20086.1,20595.4,43994715910.0
2022-10-29,20595.1,20988.4,20566.5,20818.5,40369840645.0
2022-10-30,20818.0,20917.0,20547.5,20635.6,31486345556.0
2022-10-31,20633.7,20795.3,20287.5,20495.8,45668466815.0
2022-11-01,20494.9,20647.3,20359.8,20485.3,39819303159.0
2022-11-02,20483.0,20742.8,20087.1,20159.5,55552169483.0
2022-11-03,20162.7,20382.1,20086.2,20210.0,43228750179.0
2022-11-04,20208.8,21209.6,20188.0,21147.2,64072727950.0
2022-11-05,21144.8,21446.9,21097.6,21282.7,37846047609.0
2022-11-06,21285.1,21345.4,20920.2,20926.5,35082693210.0
2022-11-07,20924.6,21053.2,20490.0,20602.8,53510852236.0
2022-11-08,20600.7,20664.6,17603.5,18541.3,118992465607.0
2022-11-09,18543.8,18590.5,15682.7,15880.8,102905151606.0
2022-11-10,15883.2,18054.3,15834.0,17586.8,83202283721.0
2022-11-11,17583.3,17650.9,16543.5,17034.3,55871616488.0
2022-11-12,17036.9,17066.7,16651.8,16799.2,29717699419.0
2022-11-13,16799.7,16920.8,16320.6,16353.4,27209183682.0
2022-11-14,16352.0,17109.3,15872.9,16618.2,49630243054.0
2022-11-15,16617.5,17052.0,16542.6,16884.6,36599436183.0
2022-11-16,16884.3,16960.3,16430.1,16669.4,33925512989.0
2022-11-17,16670.4,16726.4,16460.7,16687.5,27868914022.0
2022-11-18,16687.9,16947.1,16564.6,16697.8,26862218609.0
2022-11-19,16696.2,16797.9,16570.4,16711.5,16106223492.0
2022-11-20,16712.9,16746.8,16248.7,16291.8,21313378652.0
2022-11-21,16291.2,16291.2,15599.0,15787.3,37429485518.0
2022-11-22,15782.3,16253.0,15656.6,16189.8,30726828760.0
2022-11-23,16195.6,16638.2,16170.5,16610.7,32958875628.0
2022-11-24,16611.6,16771.5,16501.8,16604.5,26129037414.0
2022-11-25,16602.3,16603.3,16388.4,16521.8,18678255976.0
2022-11-26,16521.6,16666.9,16416.2,16464.3,18000008764.0
2022-11-27,16463.9,16594.4,16437.0,16444.6,20443898509.0
2022-11-28,16440.2,16482.9,16054.5,16217.3,27743025156.0
2022-11-29,16217.6,16522.3,16139.4,16445.0,23581685468.0
2022-11-30,16445.5,17190.9,16445.5,17168.6,29523576583.0
2022-12-01,17168.0,17197.5,16888.4,16967.1,22895392882.0
2022-12-02,16968.7,17088.7,16877.9,17088.7,19539705127.0
2022-12-03,17090.1,17116.0,16888.1,16908.2,16217776704.0
2022-12-04,16908.2,17157.8,16903.4,17130.5,16824520830.0
2022-12-05,17128.9,17378.2,16922.4,16974.8,22209086834.0
2022-12-06,16975.2,17091.9,16939.9,17089.5,19889922369.0
2022-12-07,17089.5,17109.4,16750.6,16848.1,19675404389.0
2022-12-08,16847.3,17267.9,16788.8,17233.5,20496603770.0
2022-12-09,17232.1,17280.5,17100.8,17133.2,20328426366.0
2022-12-10,17134.2,17216.8,17120.7,17128.7,12706781969.0
2022-12-11,17129.7,17245.6,17091.8,17104.2,14122486832.0
2022-12-12,17102.5,17212.6,16899.4,17206.4,19617581341.0
2022-12-13,17206.4,17930.1,17111.8,17781.3,26634741631.0
2022-12-14,17782.1,18318.5,17739.5,17815.7,25534481470.0
2022-12-15,17813.6,17846.7,17322.6,17364.9,20964448341.0
2022-12-16,17364.5,17505.5,16584.7,16647.5,24031608960.0
2022-12-17,16647.0,16800.6,16614.0,16795.1,14463581825.0
2022-12-18,16795.6,16815.4,16697.8,16758.0,10924354698.0
2022-12-19,16759.0,16807.5,16398.1,16439.7,17221074814.0
2022-12-20,16441.8,17013.0,16427.9,16906.3,22722096615.0
2022-12-21,16904.5,16916.8,16755.9,16817.5,14882945045.0
2022-12-22,16818.4,16866.7,16592.4,16830.3,16441573050.0
2022-12-23,16829.6,16905.2,16794.5,16797.0,15329265213.0
2022-12-24,16797.0,16864.7,16793.5,16847.8,9744636213.0
2022-12-25,16847.5,16860.6,16755.3,16842.0,11656379938.0
2022-12-26,16842.2,16920.1,16812.4,16919.8,11886957804.0
2022-12-27,16919.3,16959.8,16642.1,16717.2,15748580239.0
2022-12-28,16716.4,16768.2,16497.6,16552.6,17005713920.0
2022-12-29,16552.3,16651.8,16508.7,16642.3,14472237479.0
2022-12-30,16641.3,16643.4,16408.5,16602.6,15929162910.0
2022-12-31,16603.7,16629.0,16517.5,16547.5,11239186456.0
2023-01-01,16547.9,16630.4,16521.2,16625.1,9244361700.0
2023-01-02,16625.5,16759.3,16572.2,16688.5,12097775227.0
2023-01-03,16688.8,16760.4,16622.4,16679.9,13903079207.0
2023-01-04,16680.2,16964.6,16667.8,16863.2,18421743322.0
2023-01-05,16863.5,16884.0,16790.3,16836.7,13692758566.0
2023-01-06,16836.5,16992.0,16716.4,16952.0,14413662913.0
2023-01-07,16952.1,16975.0,16914.2,16955.1,7714767174.0
2023-01-08,16954.1,17091.1,16924.1,17091.1,9768827914.0
2023-01-09,17094.0,17390.0,17094.0,17196.6,18624736866.0
2023-01-10,17192.9,17484.7,17163.0,17446.3,15808338949.0
2023-01-11,17446.4,17934.9,17338.0,17934.9,18372283782.0
2023-01-12,18117.6,19030.1,17995.2,18869.6,34971338710.0
2023-01-13,18868.9,19964.3,18753.2,19909.6,29225029694.0
2023-01-14,19910.5,21075.1,19907.8,20976.3,38967784639.0
2023-01-15,20977.5,20993.7,20607.0,20880.8,19298407543.0
2023-01-16,20882.2,21360.9,20715.7,21169.6,26792494050.0
2023-01-17,21175.8,21438.7,20978.5,21161.5,24999983362.0
2023-01-18,21161.1,21564.5,20541.5,20688.8,30005625418.0
2023-01-19,20686.7,21163.0,20685.4,21086.8,21152848261.0
2023-01-20,21085.4,22692.4,20919.1,22676.6,28799154319.0
2023-01-21,22677.4,23282.3,22511.8,22777.6,32442278429.0
2023-01-22,22778.0,23056.7,22387.9,22720.4,24746386230.0
2023-01-23,22721.1,23126.5,22654.3,22934.4,26518700512.0
2023-01-24,22929.6,23134.0,22549.7,22636.5,26405069715.0
2023-01-25,22639.3,23722.1,22406.1,23117.9,30685366709.0
2023-01-26,23109.0,23237.1,22911.4,23032.8,26357839322.0
2023-01-27,23030.7,23417.7,22654.6,23078.7,25383335641.0
2023-01-28,23080.0,23165.9,22908.8,23031.1,14712928379.0
2023-01-29,23031.4,23919.9,22985.1,23774.6,27423687259.0
2023-01-30,23774.6,23789.3,22657.6,22840.1,27205595568.0
2023-01-31,22840.8,23225.0,22765.6,23139.3,22837828665.0
2023-02-01,23137.8,23764.5,22877.8,23723.8,26683255504.0
2023-02-02,23720.8,24167.2,23468.6,23471.9,32066936882.0
2023-02-03,23469.4,23678.1,23280.0,23449.3,27083066007.0
2023-02-04,23446.3,23556.9,23291.8,23331.8,15639298538.0
2023-02-05,23332.2,23423.4,22841.8,22955.7,19564262605.0
2023-02-06,22954.0,23119.3,22692.0,22760.1,23825006542.0
2023-02-07,22757.3,23311.0,22756.3,23264.3,27187964471.0
2023-02-08,23263.4,23368.0,22731.1,22939.4,25371367758.0
2023-02-09,22946.6,22996.4,21774.0,21819.0,32572572185.0
2023-02-10,21819.0,21941.2,21539.4,21651.2,27078406594.0
2023-02-11,21651.8,21891.4,21618.4,21870.9,16356226232.0
2023-02-12,21870.9,22061.0,21682.8,21788.2,17821046406.0
2023-02-13,21787.0,21898.4,21460.1,21808.1,23918742607.0
2023-02-14,21801.8,22293.1,21632.4,22220.8,26792596581.0
2023-02-15,22220.6,24307.8,22082.8,24307.8,32483312909.0
2023-02-16,24307.3,25134.1,23602.5,23623.5,39316664596.0
2023-02-17,23621.3,24924.0,23460.8,24565.6,41358451255.0
2023-02-18,24565.3,24798.8,24468.4,24641.3,19625427158.0
2023-02-19,24640.0,25093.1,24327.6,24327.6,25555105670.0
2023-02-20,24336.6,25020.5,23927.9,24829.1,28987376573.0
2023-02-21,24833.0,25126.9,24200.4,24436.4,31252098714.0
2023-02-22,24437.4,24472.3,23644.3,24188.8,30199996781.0
2023-02-23,24190.7,24572.1,23693.9,23947.5,30476264066.0
2023-02-24,23946.0,24103.7,23007.1,23198.1,26811744928.0
2023-02-25,23200.1,23210.2,22861.6,23175.4,16100721565.0
2023-02-26,23174.2,23654.4,23084.2,23561.2,16644534842.0
2023-02-27,23561.5,23857.9,23205.9,23522.9,22660763494.0
2023-02-28,23521.8,23585.4,23077.7,23147.4,20535363434.0
2023-03-01,23150.9,23880.6,23088.6,23646.6,24662841200.0
2023-03-02,23647.0,23739.1,23245.0,23475.5,20386398516.0
2023-03-03,23476.6,23479.3,22213.2,22362.7,26062404610.0
2023-03-04,22362.9,22405.2,22199.0,22353.3,11166012913.0
2023-03-05,22354.1,22613.7,22307.1,22435.5,13317001733.0
2023-03-06,22436.8,22584.3,22331.3,22429.8,17353192895.0
2023-03-07,22428.3,22527.4,22011.3,22219.8,22765452204.0
2023-03-08,22216.4,22268.9,21708.1,21718.1,22536575684.0
2023-03-09,21720.1,21802.7,20210.3,20363.0,30364664171.0
2023-03-10,20367.0,20370.6,19628.3,20187.2,39578257695.0
2023-03-11,20187.9,20792.5,20068.7,20632.4,30180288176.0
2023-03-12,20628.0,22185.0,20448.8,22163.9,29279035521.0
2023-03-13,22156.4,24550.8,21918.2,24197.5,49466362688.0
2023-03-14,24201.8,26514.7,24081.2,24746.1,54622230164.0
2023-03-15,24770.9,25240.6,23964.9,24376.0,43655701450.0
2023-03-16,24373.5,25190.3,24225.1,25052.8,33866061747.0
2023-03-17,25055.1,27787.8,24955.2,27423.9,50730261335.0
2023-03-18,27448.1,27726.0,26636.3,26965.9,35723036817.0
2023-03-19,26969.5,28440.6,26907.7,28038.7,37769448859.0
2023-03-20,28041.6,28527.7,27242.9,27767.2,44774027664.0
2023-03-21,27768.4,28439.6,27439.6,28175.8,36102192830.0
2023-03-22,28158.7,28803.3,26760.0,27307.4,33382021890.0
2023-03-23,27302.0,28729.8,27183.4,28334.0,24220433689.0
2023-03-24,28324.1,28388.4,27039.3,27493.3,25980310960.0
2023-03-25,27487.3,27791.8,27196.2,27494.7,13383005987.0
2023-03-26,27495.5,28178.1,27445.0,27994.3,13878363192.0
2023-03-27,27994.1,28037.9,26606.7,27139.9,18188895178.0
2023-03-28,27132.9,27460.7,26677.8,27268.1,17783600385.0
2023-03-29,27267.0,28619.5,27259.7,28348.4,20684945906.0
2023-03-30,28350.1,29159.9,27720.2,28033.6,22435349951.0
2023-03-31,28032.3,28639.9,27583.7,28478.5,19001327598.0
2023-04-01,28473.3,28802.5,28297.2,28411.0,10876469901.0
2023-04-02,28462.8,28519.0,27884.1,28199.3,12284641999.0
2023-04-03,28183.1,28475.6,27276.7,27790.2,19556501327.0
2023-04-04,27795.3,28433.7,27681.3,28168.1,15284538859.0
2023-04-05,28169.7,28739.2,27843.8,28178.0,17052315986.0
2023-04-06,28175.2,28178.4,27738.8,28044.1,13837809380.0
2023-04-07,28039.0,28111.6,27794.0,27925.9,10861680497.0
2023-04-08,27920.5,28159.9,27883.4,27947.8,9373255556.0
2023-04-09,27952.4,28532.8,27828.5,28333.1,12175322951.0
2023-04-10,28336.0,29771.5,28189.3,29653.0,19282400094.0
2023-04-11,29653.7,30509.1,29609.3,30235.1,20121259843.0
2023-04-12,30231.6,30462.5,29725.6,30139.1,18651929926.0
2023-04-13,29892.7,30539.8,29878.6,30399.1,17487721001.0
2023-04-14,30409.6,31005.6,30044.5,30485.7,22659995079.0
2023-04-15,30490.8,30601.7,30245.9,30318.5,11940685378.0
2023-04-16,30316.0,30555.5,30157.8,30315.4,12854816417.0
2023-04-17,30317.1,30319.2,29275.4,29445.0,17872186762.0
2023-04-18,29449.1,30470.3,29154.8,30397.6,19480529496.0
2023-04-19,30394.2,30411.1,28669.9,28822.7,24571565421.0
2023-04-20,28823.7,29076.4,28037.3,28246.0,21340360360.0
2023-04-21,28249.2,28350.0,27177.4,27276.9,20759504330.0
2023-04-22,27265.9,27872.1,27169.6,27817.5,13125734602.0
2023-04-23,27816.1,27820.2,27400.3,27591.4,12785446832.0
2023-04-24,27591.7,27980.0,27070.8,27525.3,17703288330.0
2023-04-25,27514.9,28371.1,27207.9,28307.6,17733373139.0
2023-04-26,28300.1,29995.8,27324.5,28422.7,31854242019.0
2023-04-27,28428.5,29871.5,28402.9,29473.8,27153445027.0
2023-04-28,29481.0,29572.8,28929.6,29340.3,17544464887.0
2023-04-29,29336.6,29452.5,29088.0,29248.5,10662634333.0
2023-04-30,29245.5,29952.0,29114.0,29268.8,14652199272.0
2023-05-01,29227.1,29329.9,27680.8,28091.6,18655599976.0
2023-05-02,28087.2,28881.3,27924.1,28680.5,16432924527.0
2023-05-03,28680.5,29259.5,28178.4,29006.3,19122972518.0
2023-05-04,29031.3,29353.2,28694.0,28847.7,15548678514.0
2023-05-05,28851.5,29668.9,28845.5,29534.4,17936566518.0
2023-05-06,29538.9,29820.1,28469.0,28904.6,15913866714.0
2023-05-07,28901.6,29157.5,28441.4,28455.0,11301355486.0
2023-05-08,28450.5,28663.3,27310.1,27694.3,19122903752.0
2023-05-09,27695.1,27821.4,27375.6,27658.8,14128593256.0
2023-05-10,27654.6,28322.7,26883.7,27621.8,20656025026.0
2023-05-11,27621.1,27621.9,26781.8,27000.8,16724343943.0
2023-05-12,26987.7,27055.6,25878.4,26805.0,19313599897.0
2023-05-13,26807.8,27030.5,26710.9,26784.1,9999171605.0
2023-05-14,26789.0,27151.0,26661.4,26930.6,10014858959.0
2023-05-15,26931.4,27646.3,26766.1,27192.7,14413231792.0
2023-05-16,27171.5,27299.3,26878.9,27036.7,12732238816.0
2023-05-17,27035.5,27465.9,26600.1,27398.8,15140006925.0
2023-05-18,27401.7,27466.5,26415.1,26832.2,15222938600.0
2023-05-19,26826.8,27128.6,26700.2,26890.1,11258983301.0
2023-05-20,26888.8,27155.2,26843.3,27129.6,7044911360.0
2023-05-21,27118.4,27265.9,26706.9,26753.8,8647416921.0
2023-05-22,26749.9,27045.7,26549.7,26851.3,11056770492.0
2023-05-23,26856.0,27434.7,26816.2,27225.7,13697203143.0
2023-05-24,27224.6,27224.6,26106.6,26334.8,16299104428.0
2023-05-25,26329.5,26591.5,25890.6,26476.2,13851122697.0
2023-05-26,26474.2,26916.7,26343.9,26719.3,12711619225.0
2023-05-27,26720.2,26888.9,26621.1,26868.4,7892015141.0
2023-05-28,26871.2,28193.4,26802.8,28085.6,14545229578.0
2023-05-29,28075.6,28432.0,27563.9,27745.9,15181308984.0
2023-05-30,27745.1,28044.8,27588.5,27702.3,13251081851.0
2023-05-31,27700.5,27831.7,26866.5,27219.7,15656371534.0
2023-06-01,27218.4,27346.1,26671.7,26820.0,14678970415.0
2023-06-02,26824.6,27303.9,26574.6,27249.6,14837415000.0
2023-06-03,27252.3,27317.1,26958.0,27075.1,8385597470.0
2023-06-04,27075.1,27407.0,26968.2,27119.1,9360912318.0
2023-06-05,27123.1,27130.0,25445.2,25760.1,21513292646.0
2023-06-06,25732.1,27313.8,25434.9,27238.8,21929670693.0
2023-06-07,27235.7,27332.2,26147.0,26346.0,19530045082.0
2023-06-08,26347.7,26797.5,26246.7,26508.2,11904824295.0
2023-06-09,26505.9,26770.3,26339.3,26480.4,11015551640.0
2023-06-10,26481.8,26531.0,25501.8,25851.2,19872933189.0
2023-06-11,25854.0,26203.4,25669.0,25940.2,10732609603.0
2023-06-12,25934.3,26087.9,25675.2,25902.5,11677889997.0
2023-06-13,25902.9,26376.4,25728.4,25918.7,14143474486.0
2023-06-14,25920.3,26041.8,24902.2,25124.7,14265717766.0
2023-06-15,25121.7,25735.3,24797.2,25576.4,15837384409.0
2023-06-16,25575.3,26463.2,25245.4,26327.5,16324646965.0
2023-06-17,26328.7,26769.4,26174.5,26510.7,11090276850.0
2023-06-18,26510.5,26675.9,26325.9,26336.2,9565695129.0
2023-06-19,26335.4,26984.6,26312.8,26851.0,12826986222.0
2023-06-20,26841.7,28389.0,26668.8,28327.5,22211859147.0
2023-06-21,28311.3,30737.3,28283.4,30027.3,33346760979.0
2023-06-22,29995.9,30496.0,29679.2,29912.3,20653160491.0
2023-06-23,29896.4,31389.5,29845.2,30695.5,24115570085.0
2023-06-24,30708.7,30804.1,30290.1,30548.7,12147822496.0
2023-06-25,30545.2,31041.3,30327.9,30480.3,12703464114.0
2023-06-26,30480.5,30636.0,29955.7,30271.1,16493186997.0
2023-06-27,30274.3,31006.8,30236.7,30688.2,16428827944.0
2023-06-28,30696.6,30703.3,29921.8,30086.2,14571500779.0
2023-06-29,30086.2,30796.2,30057.2,30445.4,13180860821.0
2023-06-30,30441.4,31256.9,29600.3,30477.3,26387306197.0
2023-07-01,30471.8,30641.3,30328.9,30590.1,9086606733.0
2023-07-02,30587.3,30766.1,30264.0,30620.8,10533418042.0
2023-07-03,30624.5,31375.6,30586.5,31156.4,15271884873.0
2023-07-04,31156.9,31325.2,30659.4,30777.6,12810828427.0
2023-07-05,30778.7,30877.3,30225.6,30514.2,12481622280.0
2023-07-06,30507.2,31460.1,29892.2,29909.3,21129219509.0
2023-07-07,29908.0,30434.6,29777.3,30342.3,13384770155.0
2023-07-08,30346.9,30374.4,30080.2,30292.5,7509378699.0
2023-07-09,30291.6,30427.6,30085.6,30171.2,7903327692.0
2023-07-10,30172.4,31026.1,29985.4,30414.5,14828209155.0
2023-07-11,30417.6,30788.3,30358.1,30621.0,12151839152.0
2023-07-12,30622.2,30960.0,30228.8,30391.6,14805659717.0
2023-07-13,30387.5,31814.5,30268.4,31476.0,23686079548.0
2023-07-14,31474.7,31582.3,29966.4,30334.1,20917902660.0
2023-07-15,30331.8,30407.8,30263.5,30295.8,8011667756.0
2023-07-16,30297.5,30437.6,30089.7,30249.1,8516564470.0
2023-07-17,30249.6,30336.4,29685.8,30145.9,13240156074.0
2023-07-18,30147.1,30233.7,29556.4,29856.6,13138897269.0
2023-07-19,29862.0,30184.2,29794.3,29913.9,12128602812.0
2023-07-20,29915.2,30195.5,29638.1,29792.0,14655207121.0
2023-07-21,29805.1,30046.0,29733.9,29908.7,10972789818.0
2023-07-22,29908.7,29991.6,29664.1,29771.8,7873300598.0
2023-07-23,29790.1,30330.6,29741.5,30084.5,9220145050.0
2023-07-24,30081.7,30093.4,28934.3,29176.9,15395817395.0
2023-07-25,29179.0,29353.2,29062.4,29227.4,10266772793.0
2023-07-26,29225.8,29675.6,29113.9,29355.0,13497554655.0
2023-07-27,29353.8,29561.0,29099.4,29210.7,10770779217.0
2023-07-28,29212.2,29521.5,29125.8,29319.2,11218474952.0
2023-07-29,29319.4,29396.8,29264.2,29356.9,6481775959.0
2023-07-30,29357.1,29443.2,29059.5,29275.3,8678454527.0
2023-07-31,29278.3,29489.9,29131.6,29230.1,11656781982.0
2023-08-01,29230.9,29675.7,28657.0,29675.7,18272392391.0
2023-08-02,29704.1,29988.0,28946.5,29152.0,19212655598.0
2023-08-03,29161.8,29375.7,28959.5,29178.7,12780357746.0
2023-08-04,29174.4,29302.1,28885.3,29074.1,12036639988.0
2023-08-05,29075.4,29102.5,28957.8,29042.1,6598366353.0
2023-08-06,29043.7,29160.8,28963.8,29041.9,7269806994.0
2023-08-07,29038.5,29244.3,28724.1,29180.6,13618163710.0
2023-08-08,29180.0,30176.8,29113.8,29765.5,17570561357.0
2023-08-09,29766.7,30093.4,29376.8,29561.5,18379521213.0
2023-08-10,29564.0,29688.6,29354.4,29429.6,11865344789.0
2023-08-11,29424.9,29517.8,29253.5,29397.7,10195168197.0
2023-08-12,29399.8,29465.1,29357.6,29416.0,6194358008.0
2023-08-13,29416.6,29441.4,29265.8,29282.9,7329897180.0
2023-08-14,29283.3,29660.3,29124.1,29408.4,14013695304.0
2023-08-15,29408.0,29439.1,29088.9,29170.3,12640195779.0
2023-08-16,29169.1,29222.0,28701.8,28701.8,14949271904.0
2023-08-17,28699.8,28745.9,25409.1,26664.6,31120851211.0
2023-08-18,26636.1,26808.2,25668.9,26049.6,24026236529.0
2023-08-19,26047.8,26249.4,25802.4,26096.2,10631443812.0
2023-08-20,26096.9,26260.7,26004.3,26189.6,9036580420.0
2023-08-21,26188.7,26220.2,25846.1,26124.1,13371557893.0
2023-08-22,26130.7,26135.5,25520.7,26031.7,14503820706.0
2023-08-23,26040.5,26786.9,25805.0,26431.6,16985265785.0
2023-08-24,26431.5,26554.9,25914.9,26162.4,12871532023.0
2023-08-25,26163.7,26248.1,25786.8,26047.7,12406045118.0
2023-08-26,26047.2,26107.4,25983.9,26008.5,6034817316.0
2023-08-27,26008.2,26165.4,25965.1,26089.7,6913768611.0
2023-08-28,26089.6,26198.6,25880.6,26106.2,11002805166.0
2023-08-29,26102.5,28089.3,25912.6,27727.4,29368391712.0
2023-08-30,27726.1,27760.2,27069.2,27297.3,16343655235.0
2023-08-31,27301.9,27456.1,25752.9,25931.5,20181001451.0
2023-09-01,25934.0,26125.9,25362.6,25800.7,17202862221.0
2023-09-02,25800.9,25970.3,25753.1,25868.8,10100387473.0
2023-09-03,25869.5,26087.1,25817.0,25969.6,8962524523.0
2023-09-04,25968.2,26081.5,25657.0,25812.4,10680635106.0
2023-09-05,25815.0,25858.4,25590.0,25780.0,11094740040.0
2023-09-06,25783.9,25953.0,25404.4,25753.2,12752705327.0
2023-09-07,25748.3,26409.3,25608.2,26240.2,11088307100.0
2023-09-08,26245.2,26414.0,25677.5,25905.7,10817356400.0
2023-09-09,25905.4,25922.0,25810.5,25895.7,5481314132.0
2023-09-10,25895.2,25978.1,25640.3,25832.2,7899553047.0
2023-09-11,25831.7,25883.9,24930.3,25162.7,14600006467.0
2023-09-12,25160.7,26451.9,25133.1,25833.3,18657279324.0
2023-09-13,25837.6,26376.1,25781.1,26228.3,13072077070.0
2023-09-14,26228.3,26774.6,26171.5,26539.7,13811359124.0
2023-09-15,26533.8,26840.5,26240.7,26608.7,11479735788.0
2023-09-16,26606.2,26754.8,26473.9,26568.3,7402031417.0
2023-09-17,26567.9,26618.0,26445.1,26534.2,6774210670.0
2023-09-18,26533.0,27414.7,26415.5,26754.3,15615339655.0
2023-09-19,26760.9,27488.8,26681.6,27211.1,13807690550.0
2023-09-20,27210.2,27379.5,26864.1,27132.0,13281116604.0
2023-09-21,27129.8,27152.9,26389.3,26567.6,13371443708.0
2023-09-22,26564.1,26726.1,26495.5,26579.6,10578746709.0
2023-09-23,26578.6,26634.2,26520.5,26579.4,7404700301.0
2023-09-24,26579.4,26716.1,26221.1,26256.8,8192867686.0
2023-09-25,26253.8,26421.5,26011.5,26298.5,11997833257.0
2023-09-26,26294.8,26389.9,26090.7,26217.2,9985498161.0
2023-09-27,26209.5,26817.8,26111.5,26352.7,11718380997.0
2023-09-28,26355.8,27259.5,26327.3,27021.5,14079002707.0
2023-09-29,27024.8,27225.9,26721.8,26911.7,10396435377.0
2023-09-30,26911.7,27091.8,26889.0,26967.9,5331172801.0
2023-10-01,26967.4,28047.2,26965.1,27983.8,9503917434.0
2023-10-02,27976.8,28494.5,27347.8,27530.8,19793041322.0
2023-10-03,27508.3,27667.2,27216.0,27430.0,11407814187.0
2023-10-04,27429.1,27826.7,27248.1,27799.4,11143355314.0
2023-10-05,27798.6,28091.9,27375.6,27415.9,11877253670.0
2023-10-06,27412.1,28252.5,27215.6,27946.6,13492391599.0
2023-10-07,27946.8,28028.1,27870.4,27968.8,6553044316.0
2023-10-08,27971.7,28102.2,27740.7,27935.1,7916875290.0
2023-10-09,27934.5,27989.5,27302.6,27583.7,12007668568.0
2023-10-10,27589.2,27715.8,27301.7,27391.0,9973350678.0
2023-10-11,27392.1,27474.1,26561.1,26873.3,13648094333.0
2023-10-12,26873.3,26921.4,26558.3,26756.8,9392909295.0
2023-10-13,26752.9,27092.7,26686.3,26862.4,15165312851.0
2023-10-14,26866.2,26969.0,26814.6,26861.7,5388116782.0
2023-10-15,26858.0,27289.2,26817.9,27159.7,7098201980.0
2023-10-16,27162.6,29448.1,27130.5,28519.5,27833876539.0
2023-10-17,28522.1,28618.8,28110.2,28415.7,14872527508.0
2023-10-18,28413.5,28889.0,28174.3,28328.3,12724128586.0
2023-10-19,28332.4,28892.5,28178.0,28719.8,14448058195.0
2023-10-20,28732.8,30104.1,28601.7,29682.9,21536125230.0
2023-10-21,29683.4,30287.5,29481.8,29918.4,11541146996.0
2023-10-22,29918.7,30199.4,29720.3,29993.9,10446520040.0
2023-10-23,30140.7,34370.4,30097.8,33086.2,38363572311.0
2023-10-24,33077.3,35150.4,32880.8,33901.5,44934999645.0
2023-10-25,33916.0,35133.8,33709.1,34502.8,25254318008.0
2023-10-26,34504.3,34832.9,33762.3,34156.6,19427195376.0
2023-10-27,34156.5,34238.2,33416.9,33909.8,16418032871.0
2023-10-28,33907.7,34399.4,33874.8,34089.6,10160330825.0
2023-10-29,34089.4,34743.3,33947.6,34538.5,11160323986.0
2023-10-30,34531.7,34843.9,34111.0,34502.4,17184860315.0
2023-10-31,34500.1,34719.3,34083.3,34667.8,15758270810.0
2023-11-01,34657.3,35527.9,34170.7,35437.3,22446272005.0
2023-11-02,35441.6,35919.8,34401.6,34938.2,20998158544.0
2023-11-03,34942.5,34942.5,34133.4,34732.3,17158456701.0
2023-11-04,34736.3,35256.0,34616.7,35082.2,9561294264.0
2023-11-05,35090.0,35340.3,34594.2,35049.4,12412743996.0
2023-11-06,35044.8,35286.0,34765.4,35037.4,12693436420.0
2023-11-07,35047.8,35892.4,34545.8,35443.6,18834737789.0
2023-11-08,35419.5,35994.4,35147.8,35655.3,17295394918.0
2023-11-09,35633.6,37926.3,35592.1,36693.1,37762672382.0
2023-11-10,36702.2,37493.8,36362.8,37314.0,22711265155.0
2023-11-11,37310.1,37407.1,36773.7,37138.1,13924272142.0
2023-11-12,37134.0,37227.7,36779.1,37054.5,11545715999.0
2023-11-13,37070.3,37405.1,36399.6,36502.4,19057712790.0
2023-11-14,36491.8,36753.4,34948.5,35537.6,23857403554.0
2023-11-15,35548.1,37964.9,35383.8,37880.6,27365821679.0
2023-11-16,37880.0,37934.6,35545.5,36154.8,26007385366.0
2023-11-17,36164.8,36704.5,35901.2,36596.7,22445028430.0
2023-11-18,36625.4,36839.3,36233.3,36585.7,11886022717.0
2023-11-19,36585.8,37509.4,36414.6,37386.5,12915986553.0
2023-11-20,37374.1,37756.8,36882.5,37477.0,20888209068.0
2023-11-21,37469.2,37631.1,35813.8,35813.8,25172163756.0
2023-11-22,35756.6,37857.0,35671.0,37432.3,24397247860.0
2023-11-23,37420.4,37643.9,36923.9,37289.6,14214948217.0
2023-11-24,37296.3,38415.3,37261.6,37720.3,22922957823.0
2023-11-25,37721.4,37892.4,37617.4,37796.8,9099571165.0
2023-11-26,37796.8,37820.3,37162.8,37479.1,13744796068.0
2023-11-27,37454.2,37559.4,36750.1,37254.2,19002925720.0
2023-11-28,37248.0,38368.5,36891.1,37831.1,21696137014.0
2023-11-29,37826.1,38366.1,37612.6,37858.5,20728546658.0
2023-11-30,37861.1,38141.8,37531.1,37712.7,18115982627.0
2023-12-01,37718.0,38954.1,37629.4,38688.8,23512784002.0
2023-12-02,38689.3,39678.9,38652.6,39476.3,15534035612.0
2023-12-03,39472.2,40135.6,39298.2,39978.4,15769696322.0
2023-12-04,39978.6,42371.8,39978.6,41980.1,39856129827.0
2023-12-05,41986.3,44408.7,41421.1,44080.6,36312154535.0
2023-12-06,44080.0,44265.8,43478.1,43746.4,29909761586.0
2023-12-07,43769.1,44042.6,42880.6,43292.7,27635760671.0
2023-12-08,43293.1,44705.5,43125.3,44166.6,24421116687.0
2023-12-09,44180.0,44361.3,43627.6,43726.0,17368210171.0
2023-12-10,43728.4,44034.6,43593.3,43779.7,13000481418.0
2023-12-11,43792.0,43808.4,40234.6,41243.8,40632672038.0
2023-12-12,41238.7,42048.3,40667.6,41450.2,24779520132.0
2023-12-13,41468.5,43429.8,40676.9,42890.7,26797884674.0
2023-12-14,42884.3,43390.9,41767.1,43024.0,25578530178.0
2023-12-15,43028.2,43087.8,41693.0,41929.8,19639442462.0
2023-12-16,41937.7,42664.9,41723.1,42240.1,14386729590.0
2023-12-17,42236.1,42359.5,41274.5,41364.7,16678702876.0
2023-12-18,41348.2,42720.3,40530.3,42623.5,25224642008.0
2023-12-19,42641.5,43354.3,41826.3,42270.5,23171001281.0
2023-12-20,42261.3,44275.6,42223.8,43652.2,27868908174.0
2023-12-21,43648.1,44240.7,43330.1,43869.2,22452766169.0
2023-12-22,43869.0,44368.0,43442.0,43997.9,21028503216.0
2023-12-23,44012.2,44015.7,43351.4,43739.5,13507796558.0
2023-12-24,43728.4,43945.5,42786.9,43016.1,18830554085.0
2023-12-25,43010.6,43765.1,42765.8,43613.1,21115795370.0
2023-12-26,43599.8,43603.2,41676.5,42520.4,30026850982.0
2023-12-27,42518.5,43683.2,42167.6,43442.9,25260941032.0
2023-12-28,43468.2,43804.8,42318.6,42627.9,22992093014.0
2023-12-29,42614.6,43124.3,41424.1,42099.4,26000021055.0
2023-12-30,42091.8,42584.1,41556.2,42156.9,16013925945.0
2023-12-31,42152.1,42860.9,41998.3,42265.2,16397498810.0

